Year,yhat,Country,Indicator
1986,19.795112514400067,United States,CO2
1987,19.852395826536593,United States,CO2
1988,19.81861403189011,United States,CO2
1989,19.954363649585915,United States,CO2
1990,20.102771672363346,United States,CO2
1991,20.160054984489733,United States,CO2
1992,20.126273188113128,United States,CO2
1993,20.26202280148346,United States,CO2
1994,20.410430821305653,United States,CO2
1995,20.467714127927422,United States,CO2
1996,20.433932325029225,United States,CO2
1997,20.569635354696782,United States,CO2
1998,20.71799691759641,United States,CO2
1999,20.775063351916387,United States,CO2
2000,20.74088367531177,United States,CO2
2001,20.875963640118062,United States,CO2
2002,20.90946713293766,United States,CO2
2003,20.851729583259633,United States,CO2
2004,20.39690971225275,United States,CO2
2005,20.110467723545995,United States,CO2
2006,19.83672868765976,United States,CO2
2007,19.471639927312083,United States,CO2
2008,19.01547112930946,United States,CO2
2009,18.727676516400063,United States,CO2
2010,18.45369753483627,United States,CO2
2011,18.088593844673788,United States,CO2
2012,17.632425047939062,United States,CO2
2013,17.344720978610535,United States,CO2
2014,17.070858191384527,United States,CO2
2015,16.705901112820566,United States,CO2
2016,16.24993220310421,United States,CO2
2017,15.962338027637731,United States,CO2
2018,15.688558935144297,United States,CO2
2019,15.32365513199943,United States,CO2
2020,14.867686222283442,United States,CO2
2021,14.580092046817548,United States,CO2
2022,14.306312954324,United States,CO2
2023,13.941409151179139,United States,CO2
2023,12.13965397495655,United States,CO2
2024,12.938617595113184,United States,CO2
2025,12.30130398242129,United States,CO2
2026,11.574012957842978,United States,CO2
2027,10.757407994141136,United States,CO2
1986,1.4414200721400428,China,CO2
1987,1.606582990136064,China,CO2
1988,1.7572022887586491,China,CO2
1989,1.8598819251920673,China,CO2
1990,2.039563999736671,China,CO2
1991,2.2047269191666583,China,CO2
1992,2.3553462177314275,China,CO2
1993,2.458025854820904,China,CO2
1994,2.637708976342564,China,CO2
1995,2.802874409624292,China,CO2
1996,2.9534988872843355,China,CO2
1997,3.056272697238156,China,CO2
1998,3.2360486871357947,China,CO2
1999,3.4014402568362962,China,CO2
2000,3.617790275619174,China,CO2
2001,3.7865463458163586,China,CO2
2002,4.032191078264743,China,CO2
2003,4.263432436741057,China,CO2
2004,4.480176533908869,China,CO2
2005,4.649162133003104,China,CO2
2006,4.8949690075459795,China,CO2
2007,5.126256726425872,China,CO2
2008,5.34300082622533,China,CO2
2009,5.511986427118643,China,CO2
2010,5.757793300446881,China,CO2
2011,5.989081017789754,China,CO2
2012,6.20582511490467,China,CO2
2013,6.374810714080793,China,CO2
2014,6.620617586451788,China,CO2
2015,6.851905303631153,China,CO2
2016,7.06864939892375,China,CO2
2017,7.237634996137377,China,CO2
2018,7.483441866772452,China,CO2
2019,7.7147295822929856,China,CO2
2020,7.931473677585515,China,CO2
2021,8.100459274799277,China,CO2
2022,8.346266145434427,China,CO2
2023,8.577553860954787,China,CO2
2023,8.65339454435201,China,CO2
2024,8.996498832581597,China,CO2
2025,9.184181755582351,China,CO2
2026,9.357396811666138,China,CO2
2027,9.516218823014432,China,CO2
1986,13.765742592000187,Russian Federation,CO2
1987,13.70391961470472,Russian Federation,CO2
1988,13.518520097999055,Russian Federation,CO2
1989,13.332378434564273,Russian Federation,CO2
1990,13.394093515253731,Russian Federation,CO2
1991,13.332270537983431,Russian Federation,CO2
1992,13.14687102115462,Russian Federation,CO2
1993,12.960729357688525,Russian Federation,CO2
1994,13.022444444785133,Russian Federation,CO2
1995,12.960674139147628,Russian Federation,CO2
1996,12.77540723876831,Russian Federation,CO2
1997,12.589668005696076,Russian Federation,CO2
1998,12.651784417360329,Russian Federation,CO2
1999,12.590591711843569,Russian Federation,CO2
2000,12.406149461650802,Russian Federation,CO2
2001,12.221351272454267,Russian Federation,CO2
2002,12.284803401582243,Russian Federation,CO2
2003,12.225097123187671,Russian Federation,CO2
2004,12.042142360881797,Russian Federation,CO2
2005,11.858452149760367,Russian Federation,CO2
2006,11.922753144531118,Russian Federation,CO2
2007,11.863533129778943,Russian Federation,CO2
2008,11.680994076844035,Russian Federation,CO2
2009,11.497833172436847,Russian Federation,CO2
2010,11.56257756078116,Russian Federation,CO2
2011,11.503790270822453,Russian Federation,CO2
2012,11.321426441321702,Russian Federation,CO2
2013,11.138328961805891,Russian Federation,CO2
2014,11.203079909455562,Russian Federation,CO2
2015,11.144292799445992,Russian Federation,CO2
2016,10.961929150102339,Russian Federation,CO2
2017,10.778831671430844,Russian Federation,CO2
2018,10.84358261958852,Russian Federation,CO2
2019,10.784795509786417,Russian Federation,CO2
2020,10.602431860442856,Russian Federation,CO2
2021,10.4193343817723,Russian Federation,CO2
2022,10.484085329930055,Russian Federation,CO2
2023,10.425298220127283,Russian Federation,CO2
2023,8.643810108380219,Russian Federation,CO2
2024,9.937166658563184,Russian Federation,CO2
2025,9.508377222734518,Russian Federation,CO2
2026,8.957158818267137,Russian Federation,CO2
2027,8.284312818727395,Russian Federation,CO2
1986,1.3954315822399885,Brazil,CO2
1987,1.423815501209574,Brazil,CO2
1988,1.4516669675178104,Brazil,CO2
1989,1.5052978053444777,Brazil,CO2
1990,1.5342232009747396,Brazil,CO2
1991,1.562607119961788,Brazil,CO2
1992,1.59045858634431,Brazil,CO2
1993,1.6440894242224706,Brazil,CO2
1994,1.6730148198270038,Brazil,CO2
1995,1.70139873882424,Brazil,CO2
1996,1.7292502051714438,Brazil,CO2
1997,1.7828810430793842,Brazil,CO2
1998,1.8118064387485666,Brazil,CO2
1999,1.84019035778935,Brazil,CO2
2000,1.8680418034007111,Brazil,CO2
2001,1.9216726205175598,Brazil,CO2
2002,1.95059799540256,Brazil,CO2
2003,1.9789818936012757,Brazil,CO2
2004,2.0068333390317394,Brazil,CO2
2005,2.060464155941799,Brazil,CO2
2006,2.089389084481744,Brazil,CO2
2007,2.1177725164904757,Brazil,CO2
2008,2.145606887568875,Brazil,CO2
2009,2.1992205162104916,Brazil,CO2
2010,2.2281263002668377,Brazil,CO2
2011,2.2564399187732436,Brazil,CO2
2012,2.2842210846245883,Brazil,CO2
2013,2.3377192606323565,Brazil,CO2
2014,2.3664772460388157,Brazil,CO2
2015,2.3946647066231073,Brazil,CO2
2016,2.3949000739232704,Brazil,CO2
2017,2.4208391522151502,Brazil,CO2
2018,2.422148448813622,Brazil,CO2
2019,2.4229162687688506,Brazil,CO2
2020,2.4231516360690466,Brazil,CO2
2021,2.4490907143609184,Brazil,CO2
2022,2.450400010959356,Brazil,CO2
2023,2.4511678309146174,Brazil,CO2
2023,2.418963394210542,Brazil,CO2
2024,2.4511155552388146,Brazil,CO2
2025,2.4503147482242067,Brazil,CO2
2026,2.4490110123356654,Brazil,CO2
2027,2.4472149563563774,Brazil,CO2
1986,0.5530958906000049,India,CO2
1987,0.5787502511786256,India,CO2
1988,0.5923829828794313,India,CO2
1989,0.62215292924535,India,CO2
1990,0.6598249800376564,India,CO2
1991,0.6854793405401916,India,CO2
1992,0.6991120722211333,India,CO2
1993,0.7288820186400709,India,CO2
1994,0.7665540695046225,India,CO2
1995,0.7922084300853418,India,CO2
1996,0.8058411618479329,India,CO2
1997,0.8356111083364193,India,CO2
1998,0.8732831592524517,India,CO2
1999,0.8989375198894727,India,CO2
2000,0.9125707489654551,India,CO2
2001,0.9423413203224928,India,CO2
2002,0.9800272127798633,India,CO2
2003,1.0057028391741458,India,CO2
2004,1.0358660115763303,India,CO2
2005,1.0822116875613956,India,CO2
2006,1.1477321685357416,India,CO2
2007,1.2012565544091398,India,CO2
2008,1.2427630008860098,India,CO2
2009,1.3004861015301972,India,CO2
2010,1.3660349318357943,India,CO2
2011,1.4195660718979328,India,CO2
2012,1.4610755831176534,India,CO2
2013,1.518798683751495,India,CO2
2014,1.5843475137853718,India,CO2
2015,1.6378785055355272,India,CO2
2016,1.6793872146545155,India,CO2
2017,1.7371095110187436,India,CO2
2018,1.8026575392699584,India,CO2
2019,1.856187877231399,India,CO2
2020,1.8976965863503903,India,CO2
2021,1.9554188827147172,India,CO2
2022,2.0209669109659023,India,CO2
2023,2.0744972489272486,India,CO2
2023,1.944163409136043,India,CO2
2024,2.1455098945481366,India,CO2
2025,2.1630466843067495,India,CO2
2026,2.1686746628841695,India,CO2
2027,2.1624727808325543,India,CO2
1986,13.398489993460071,Germany,CO2
1987,13.188874767417628,Germany,CO2
1988,12.948546821359797,Germany,CO2
1989,12.836989880309686,Germany,CO2
1990,12.658278401858745,Germany,CO2
1991,12.448663175873943,Germany,CO2
1992,12.208335229935308,Germany,CO2
1993,12.096873567333123,Germany,CO2
1994,11.918500191129812,Germany,CO2
1995,11.709320948567507,Germany,CO2
1996,11.469679689148418,Germany,CO2
1997,11.44516216097048,Germany,CO2
1998,11.353252282839183,Germany,CO2
1999,11.230731394511604,Germany,CO2
2000,11.07758823778418,Germany,CO2
2001,11.053505729360314,Germany,CO2
2002,10.962061068612119,Germany,CO2
2003,10.839712660372705,Germany,CO2
2004,10.686651532131224,Germany,CO2
2005,10.66260049595367,Germany,CO2
2006,10.571155835306616,Germany,CO2
2007,10.448807426995188,Germany,CO2
2008,10.29574629878221,Germany,CO2
2009,10.271695262484291,Germany,CO2
2010,10.180250601102813,Germany,CO2
2011,10.057902192249951,Germany,CO2
2012,9.904841063387385,Germany,CO2
2013,9.880711475151102,Germany,CO2
2014,9.789053436036937,Germany,CO2
2015,9.666264110983786,Germany,CO2
2016,9.340855720748788,Germany,CO2
2017,9.143985238298612,Germany,CO2
2018,8.880193315605544,Germany,CO2
2019,8.585497645377785,Germany,CO2
2020,8.260089255143551,Germany,CO2
2021,8.06321877269325,Germany,CO2
2022,7.799426850000452,Germany,CO2
2023,7.50473117977411,Germany,CO2
2023,6.656842248884901,Germany,CO2
2024,6.8234413885790595,Germany,CO2
2025,6.437374886492896,Germany,CO2
2026,6.021458833467469,Germany,CO2
2027,5.576075783282897,Germany,CO2
1986,10.306587900800011,United Kingdom,CO2
1987,10.274986041932177,United Kingdom,CO2
1988,10.251178201555195,United Kingdom,CO2
1989,10.193231685779379,United Kingdom,CO2
1990,10.15383743574861,United Kingdom,CO2
1991,10.122235576650006,United Kingdom,CO2
1992,10.084088806225841,United Kingdom,CO2
1993,10.011646116219135,United Kingdom,CO2
1994,9.95765772186344,United Kingdom,CO2
1995,9.911332458139617,United Kingdom,CO2
1996,9.872782785809566,United Kingdom,CO2
1997,9.799973703718488,United Kingdom,CO2
1998,9.745757495561671,United Kingdom,CO2
1999,9.699326640347502,United Kingdom,CO2
2000,9.660665906805946,United Kingdom,CO2
2001,9.5877541450368,United Kingdom,CO2
2002,9.533299183636277,United Kingdom,CO2
2003,9.486595531919825,United Kingdom,CO2
2004,9.447659701892052,United Kingdom,CO2
2005,9.374543750039809,United Kingdom,CO2
2006,9.126110756106138,United Kingdom,CO2
2007,8.848742250496983,United Kingdom,CO2
2008,8.578952395629686,United Kingdom,CO2
2009,8.274320790923781,United Kingdom,CO2
2010,7.9888809659915925,United Kingdom,CO2
2011,7.711233531887609,United Kingdom,CO2
2012,7.441380116299863,United Kingdom,CO2
2013,7.136713928006689,United Kingdom,CO2
2014,6.85127410307406,United Kingdom,CO2
2015,6.573626669096148,United Kingdom,CO2
2016,6.303773253727848,United Kingdom,CO2
2017,5.999107065616134,United Kingdom,CO2
2018,5.713667240799312,United Kingdom,CO2
2019,5.436019806914686,United Kingdom,CO2
2020,5.166166391546378,United Kingdom,CO2
2021,4.861500203434566,United Kingdom,CO2
2022,4.576060378617844,United Kingdom,CO2
2023,4.298412944733294,United Kingdom,CO2
2023,4.164116781584273,United Kingdom,CO2
2024,3.76648434993945,United Kingdom,CO2
2025,3.512154235198799,United Kingdom,CO2
2026,3.265518678006024,United Kingdom,CO2
2027,3.0265099194022236,United Kingdom,CO2
1986,7.9434436542000295,Japan,CO2
1987,8.157353802163808,Japan,CO2
1988,8.372496602620943,Japan,CO2
1989,8.532023387453435,Japan,CO2
1990,8.744688522276094,Japan,CO2
1991,8.958598670171083,Japan,CO2
1992,9.173668058747097,Japan,CO2
1993,9.333069231438438,Japan,CO2
1994,9.545445580412576,Japan,CO2
1995,9.7589860184829,Japan,CO2
1996,9.806829000853991,Japan,CO2
1997,9.798355311683817,Japan,CO2
1998,9.843478990346629,Japan,CO2
1999,9.88981722530864,Japan,CO2
2000,9.937384464963493,Japan,CO2
2001,9.928769916652188,Japan,CO2
2002,9.973562753547487,Japan,CO2
2003,9.962048644741987,Japan,CO2
2004,9.951544022147338,Japan,CO2
2005,9.8848051723741,Japan,CO2
2006,9.871549994654986,Japan,CO2
2007,9.859449231524483,Japan,CO2
2008,9.848563592200021,Japan,CO2
2009,9.781348720907854,Japan,CO2
2010,9.76778912287087,Japan,CO2
2011,9.755462997475465,Japan,CO2
2012,9.744369523925625,Japan,CO2
2013,9.676499540811466,Japan,CO2
2014,9.662144549159976,Japan,CO2
2015,9.516076356464946,Japan,CO2
2016,9.371160392289655,Japan,CO2
2017,9.169641950684545,Japan,CO2
2018,9.022248321591242,Japan,CO2
2019,8.876099705570322,Japan,CO2
2020,8.731183741394986,Japan,CO2
2021,8.529665299789848,Japan,CO2
2022,8.382271670696662,Japan,CO2
2023,8.23612305467572,Japan,CO2
2023,8.163421893675181,Japan,CO2
2024,7.9475063348866355,Japan,CO2
2025,7.804998287080389,Japan,CO2
2026,7.663655423556794,Japan,CO2
2027,7.523445242780253,Japan,CO2
1986,0.702754141800038,Indonesia,CO2
1987,0.7582547341219477,Indonesia,CO2
1988,0.7843079350498199,Indonesia,CO2
1989,0.8024376227087782,Indonesia,CO2
1990,0.8873601062510439,Indonesia,CO2
1991,0.9428606985787478,Indonesia,CO2
1992,0.9689138995093356,Indonesia,CO2
1993,0.9870435871680359,Indonesia,CO2
1994,1.0719660706947909,Indonesia,CO2
1995,1.1274666630047987,Indonesia,CO2
1996,1.153519863913038,Indonesia,CO2
1997,1.1716495515501002,Indonesia,CO2
1998,1.2565720350701426,Indonesia,CO2
1999,1.312072627383049,Indonesia,CO2
2000,1.33812582828769,Indonesia,CO2
2001,1.3562555159173986,Indonesia,CO2
2002,1.4411779994219711,Indonesia,CO2
2003,1.4966785917307501,Indonesia,CO2
2004,1.5227318770421032,Indonesia,CO2
2005,1.5408616493199028,Indonesia,CO2
2006,1.6258024950570116,Indonesia,CO2
2007,1.681329806534188,Indonesia,CO2
2008,1.7074625952341602,Indonesia,CO2
2009,1.7296825830201392,Indonesia,CO2
2010,1.8187326402673467,Indonesia,CO2
2011,1.8784027687479306,Indonesia,CO2
2012,1.908625505824596,Indonesia,CO2
2013,1.9309485438117868,Indonesia,CO2
2014,2.0200625444041522,Indonesia,CO2
2015,2.079758964371129,Indonesia,CO2
2016,2.1100094012933774,Indonesia,CO2
2017,2.132347824227616,Indonesia,CO2
2018,2.221467543768357,Indonesia,CO2
2019,2.281165372094591,Indonesia,CO2
2020,2.3114158090167978,Indonesia,CO2
2021,2.3337542319512967,Indonesia,CO2
2022,2.4228739514920314,Indonesia,CO2
2023,2.482571779817979,Indonesia,CO2
2023,2.1392233025170326,Indonesia,CO2
2024,2.513650935326246,Indonesia,CO2
2025,2.485134743835919,Indonesia,CO2
2026,2.4274014617721953,Indonesia,CO2
2027,2.3406297102419327,Indonesia,CO2
1986,15.897612116100083,Canada,CO2
1987,16.08064009808277,Canada,CO2
1988,16.241425998391453,Canada,CO2
1989,16.191893921692913,Canada,CO2
1990,16.39699790776173,Canada,CO2
1991,16.580025881795304,Canada,CO2
1992,16.74081177494568,Canada,CO2
1993,16.691279694093716,Canada,CO2
1994,16.89638367680004,Canada,CO2
1995,17.079411646706095,Canada,CO2
1996,17.240197534819224,Canada,CO2
1997,17.190665452778187,Canada,CO2
1998,17.39576943228312,Canada,CO2
1999,17.578797397518212,Canada,CO2
2000,17.73958122790449,Canada,CO2
2001,17.689856968807334,Canada,CO2
2002,17.894730714998857,Canada,CO2
2003,17.85340778058952,Canada,CO2
2004,17.789368606454865,Canada,CO2
2005,17.514395500955697,Canada,CO2
2006,17.39672175259998,Canada,CO2
2007,17.256826416750915,Canada,CO2
2008,17.094654358095408,Canada,CO2
2009,16.721162208478056,Canada,CO2
2010,16.603191254748115,Canada,CO2
2011,16.463144287330334,Canada,CO2
2012,16.300855242686552,Canada,CO2
2013,15.92736308630463,Canada,CO2
2014,15.809392121179659,Canada,CO2
2015,15.669333932935812,Canada,CO2
2016,15.507033659056304,Canada,CO2
2017,15.133530245318928,Canada,CO2
2018,15.015548060701285,Canada,CO2
2019,14.87548986404905,Canada,CO2
2020,14.713189590168959,Canada,CO2
2021,14.339686176431949,Canada,CO2
2022,14.221703991814424,Canada,CO2
2023,14.081645795160977,Canada,CO2
2023,13.839406514381174,Canada,CO2
2024,13.734670103818118,Canada,CO2
2025,13.527519737468996,Canada,CO2
2026,13.297828087405708,Canada,CO2
2027,13.045562445493541,Canada,CO2
1986,228876.40329304055,Qatar,Energy
1987,228973.14437651038,Qatar,Energy
1988,229172.75643010714,Qatar,Energy
1989,227411.57737321078,Qatar,Energy
1990,227404.73986840912,Qatar,Energy
1991,227501.48095276946,Qatar,Energy
1992,227701.0930056907,Qatar,Energy
1993,225939.90895174182,Qatar,Energy
1994,225933.03350470905,Qatar,Energy
1995,226029.66830415212,Qatar,Energy
1996,226229.17407190113,Qatar,Energy
1997,224467.88843487407,Qatar,Energy
1998,224460.9446419626,Qatar,Energy
1999,224557.5794381218,Qatar,Energy
2000,224757.08520178698,Qatar,Energy
2001,222995.7995638161,Qatar,Energy
2002,222988.85576986463,Qatar,Energy
2003,223085.49056498014,Qatar,Energy
2004,223284.9963295877,Qatar,Energy
2005,221523.7106914089,Qatar,Energy
2006,221516.76689601006,Qatar,Energy
2007,221613.40169107646,Qatar,Energy
2008,221812.90745674312,Qatar,Energy
2009,220051.62181930925,Qatar,Energy
2010,220044.6780255367,Qatar,Energy
2011,220141.31282042895,Qatar,Energy
2012,220340.81858483475,Qatar,Energy
2013,218579.53294774826,Qatar,Energy
2014,218572.58915548128,Qatar,Energy
2015,218669.22395100427,Qatar,Energy
2016,218868.72971641147,Qatar,Energy
2017,217107.44407902358,Qatar,Energy
2018,217100.50028575433,Qatar,Energy
2019,217197.1350816499,Qatar,Energy
2020,217396.64084705437,Qatar,Energy
2021,215635.35520966584,Qatar,Energy
2022,215628.41141639964,Qatar,Energy
2023,215725.04621229213,Qatar,Energy
2023,219200.01986078412,Qatar,Energy
2024,216225.95712546507,Qatar,Energy
2025,216628.02772496708,Qatar,Energy
2026,217129.26961347624,Qatar,Energy
2027,217727.93099141258,Qatar,Energy
1986,70866.04739900005,Iceland,Energy
1987,74391.97146134237,Iceland,Energy
1988,78383.84459737508,Iceland,Energy
1989,81282.57102629312,Iceland,Energy
1990,84342.4677387767,Iceland,Energy
1991,87868.39180333025,Iceland,Energy
1992,91860.26494832704,Iceland,Energy
1993,94758.99138967946,Iceland,Energy
1994,97818.88810227245,Iceland,Energy
1995,101344.81217085256,Iceland,Energy
1996,105336.68532271622,Iceland,Energy
1997,108235.41176627034,Iceland,Energy
1998,111295.30848715655,Iceland,Energy
1999,114821.23256649263,Iceland,Energy
2000,118813.10571880445,Iceland,Energy
2001,121711.83216891575,Iceland,Energy
2002,124771.72890214984,Iceland,Energy
2003,128297.6529909749,Iceland,Energy
2004,132289.52615180681,Iceland,Energy
2005,135188.2526051178,Iceland,Energy
2006,138248.1493340392,Iceland,Energy
2007,141774.07340880443,Iceland,Energy
2008,145765.6175412977,Iceland,Energy
2009,148663.78745976172,Iceland,Energy
2010,151720.66215862168,Iceland,Energy
2011,155242.14468596998,Iceland,Energy
2012,159229.57629147204,Iceland,Energy
2013,162122.45564458318,Iceland,Energy
2014,165173.44577731084,Iceland,Energy
2015,168690.15097240888,Iceland,Energy
2016,172672.69950406218,Iceland,Energy
2017,175562.07578125814,Iceland,Energy
2018,178612.64788268658,Iceland,Energy
2019,182129.247336186,Iceland,Energy
2020,186111.79586783823,Iceland,Energy
2021,189001.1721450304,Iceland,Energy
2022,192051.7442464608,Iceland,Energy
2023,195568.34369996277,Iceland,Energy
2023,206670.56011046295,Iceland,Energy
2024,203998.47169323295,Iceland,Energy
2025,208909.32551206776,Iceland,Energy
2026,214280.86156522328,Iceland,Energy
2027,220109.65647421125,Iceland,Energy
1986,147274.88898326352,Bahrain,Energy
1987,146331.17246383295,Bahrain,Energy
1988,143641.18470270498,Bahrain,Energy
1989,147624.11159550643,Bahrain,Energy
1990,148427.75724771962,Bahrain,Energy
1991,147484.04072824272,Bahrain,Energy
1992,144794.0529673639,Bahrain,Energy
1993,148776.97986096505,Bahrain,Energy
1994,149580.62551370633,Bahrain,Energy
1995,148636.90899486496,Bahrain,Energy
1996,145946.9212346971,Bahrain,Energy
1997,149929.84812888675,Bahrain,Energy
1998,150733.49378228298,Bahrain,Energy
1999,149789.77726384887,Bahrain,Energy
2000,147099.78950322274,Bahrain,Energy
2001,151081.86188482156,Bahrain,Energy
2002,151884.54538023856,Bahrain,Energy
2003,150939.8626655595,Bahrain,Energy
2004,148248.81266285537,Bahrain,Energy
2005,152230.67440396972,Bahrain,Energy
2006,153031.46912859345,Bahrain,Energy
2007,152083.8241090738,Bahrain,Energy
2008,149389.83879706182,Bahrain,Energy
2009,153368.75718668685,Bahrain,Energy
2010,154168.4052872681,Bahrain,Energy
2011,153220.69121637684,Bahrain,Energy
2012,150526.70590386342,Bahrain,Energy
2013,154505.6242931063,Bahrain,Energy
2014,155305.27239363248,Bahrain,Energy
2015,154357.5583225303,Bahrain,Energy
2016,151663.57301000372,Bahrain,Energy
2017,155642.49139939196,Bahrain,Energy
2018,156442.13950018887,Bahrain,Energy
2019,155494.42542928958,Bahrain,Energy
2020,152800.4401167691,Bahrain,Energy
2021,156779.35850617042,Bahrain,Energy
2022,157579.00660695645,Bahrain,Energy
2023,156631.2925360503,Bahrain,Energy
2023,124688.31044216777,Bahrain,Energy
2024,149501.13794186222,Bahrain,Energy
2025,143329.86203900722,Bahrain,Energy
2026,135433.53567063977,Bahrain,Energy
2027,125825.17754903491,Bahrain,Energy
1986,71961.41119340621,Singapore,Energy
1987,74268.51469203923,Singapore,Energy
1988,77419.73982243778,Singapore,Energy
1989,82313.2638245677,Singapore,Energy
1990,83777.15280664316,Singapore,Energy
1991,86084.25629464193,Singapore,Energy
1992,89235.48141469342,Singapore,Energy
1993,94129.00536829555,Singapore,Energy
1994,95592.75598559761,Singapore,Energy
1995,97899.12173833526,Singapore,Energy
1996,101048.08346224805,Singapore,Energy
1997,105937.64378162316,Singapore,Energy
1998,107397.5799091055,Singapore,Energy
1999,109700.1817683124,Singapore,Energy
2000,112846.88959070969,Singapore,Energy
2001,117735.8837482321,Singapore,Energy
2002,119195.25525565172,Singapore,Energy
2003,121497.47252538617,Singapore,Energy
2004,124643.81142373572,Singapore,Energy
2005,129532.43581463493,Singapore,Energy
2006,130991.43856374947,Singapore,Energy
2007,133293.01739828844,Singapore,Energy
2008,136437.24682859867,Singapore,Energy
2009,141321.50601892167,Singapore,Energy
2010,142774.9306721041,Singapore,Energy
2011,143901.0180344125,Singapore,Energy
2012,145871.22703296543,Singapore,Energy
2013,149577.25671922372,Singapore,Energy
2014,149853.926519516,Singapore,Energy
2015,150973.297803232,Singapore,Energy
2016,152936.62366459786,Singapore,Energy
2017,156638.99388691454,Singapore,Energy
2018,156914.98360611836,Singapore,Energy
2019,158034.18783124344,Singapore,Energy
2020,159997.513692611,Singapore,Energy
2021,163699.88391492018,Singapore,Energy
2022,163975.87363412106,Singapore,Energy
2023,165095.07785925322,Singapore,Energy
2023,176257.69700262515,Singapore,Energy
2024,169865.2577588297,Singapore,Energy
2025,173513.5470573731,Singapore,Energy
2026,177999.68291198835,Singapore,Energy
2027,183318.58703059377,Singapore,Energy
1986,194397.55733336532,United Arab Emirates,Energy
1987,193273.06271208095,United Arab Emirates,Energy
1988,191904.47069235082,United Arab Emirates,Energy
1989,187246.81128294437,United Arab Emirates,Energy
1990,186365.0610166255,United Arab Emirates,Energy
1991,185240.56639728328,United Arab Emirates,Energy
1992,183871.97437555288,United Arab Emirates,Energy
1993,179214.3149623265,United Arab Emirates,Energy
1994,178332.56469250325,United Arab Emirates,Energy
1995,177208.07006720628,United Arab Emirates,Energy
1996,175839.47803939442,United Arab Emirates,Energy
1997,171181.8186146673,United Arab Emirates,Energy
1998,170300.06833433668,United Arab Emirates,Energy
1999,169175.57369849453,United Arab Emirates,Energy
2000,167806.98166100014,United Arab Emirates,Energy
2001,163149.32223122596,United Arab Emirates,Energy
2002,162267.57194487052,United Arab Emirates,Energy
2003,161143.0773064095,United Arab Emirates,Energy
2004,159774.48526589663,United Arab Emirates,Energy
2005,155116.82583431766,United Arab Emirates,Energy
2006,154235.07554770086,United Arab Emirates,Energy
2007,153110.5809197948,United Arab Emirates,Energy
2008,151741.9895733417,United Arab Emirates,Energy
2009,147085.13016276772,United Arab Emirates,Energy
2010,146204.41618868092,United Arab Emirates,Energy
2011,145081.43143643433,United Arab Emirates,Energy
2012,143714.34928386842,United Arab Emirates,Energy
2013,139058.20623518171,United Arab Emirates,Energy
2014,138177.96918843468,United Arab Emirates,Energy
2015,137054.9879385311,United Arab Emirates,Energy
2016,135687.90941498615,United Arab Emirates,Energy
2017,131031.7676469791,United Arab Emirates,Energy
2018,130151.53087677306,United Arab Emirates,Energy
2019,129028.54975354852,United Arab Emirates,Energy
2020,127661.47122999899,United Arab Emirates,Energy
2021,123005.32946199474,United Arab Emirates,Energy
2022,122125.09269179367,United Arab Emirates,Energy
2023,121002.11156856181,United Arab Emirates,Energy
2023,119737.72481431882,United Arab Emirates,Energy
2024,118022.86329953013,United Arab Emirates,Energy
2025,116164.96934203856,United Arab Emirates,Energy
2026,114061.0800494957,United Arab Emirates,Energy
2027,111711.28662933414,United Arab Emirates,Energy
1986,55247.98410864009,Trinidad and Tobago,Energy
1987,57762.010942568115,Trinidad and Tobago,Energy
1988,60288.23356083615,Trinidad and Tobago,Energy
1989,64084.57679033019,Trinidad and Tobago,Energy
1990,66586.81969894198,Trinidad and Tobago,Energy
1991,69100.84653365563,Trinidad and Tobago,Energy
1992,71627.06915415858,Trinidad and Tobago,Energy
1993,75423.41238484441,Trinidad and Tobago,Energy
1994,77925.65529330165,Trinidad and Tobago,Energy
1995,80439.68212733032,Trinidad and Tobago,Energy
1996,82965.90474459648,Trinidad and Tobago,Energy
1997,86762.24797355762,Trinidad and Tobago,Energy
1998,89264.49088005214,Trinidad and Tobago,Energy
1999,91778.51771037784,Trinidad and Tobago,Energy
2000,94304.74032471151,Trinidad and Tobago,Energy
2001,98101.08355104784,Trinidad and Tobago,Energy
2002,100603.3264545848,Trinidad and Tobago,Energy
2003,103117.33293809294,Trinidad and Tobago,Energy
2004,105643.53519836505,Trinidad and Tobago,Energy
2005,109439.85801397372,Trinidad and Tobago,Energy
2006,111942.03923436935,Trinidad and Tobago,Energy
2007,114455.6226329407,Trinidad and Tobago,Energy
2008,116980.5546095838,Trinidad and Tobago,Energy
2009,120774.61862521738,Trinidad and Tobago,Energy
2010,123273.75943770472,Trinidad and Tobago,Energy
2011,125784.25293770048,Trinidad and Tobago,Energy
2012,128306.94222294778,Trinidad and Tobago,Energy
2013,132099.15837002493,Trinidad and Tobago,Energy
2014,134597.28543883454,Trinidad and Tobago,Energy
2015,137107.19641234988,Trinidad and Tobago,Energy
2016,139629.3031629671,Trinidad and Tobago,Energy
2017,143421.51924835384,Trinidad and Tobago,Energy
2018,145919.64628762004,Trinidad and Tobago,Energy
2019,148429.55725298676,Trinidad and Tobago,Energy
2020,150951.66400360546,Trinidad and Tobago,Energy
2021,154743.8800889916,Trinidad and Tobago,Energy
2022,157242.00712825597,Trinidad and Tobago,Energy
2023,159751.91809362412,Trinidad and Tobago,Energy
2023,161168.80845144752,Trinidad and Tobago,Energy
2024,164808.69732497557,Trinidad and Tobago,Energy
2025,167356.26303452766,Trinidad and Tobago,Energy
2026,169917.0065762295,Trinidad and Tobago,Energy
2027,172491.16929208644,Trinidad and Tobago,Energy
1986,110889.82913141424,Canada,Energy
1987,111524.23564331995,Canada,Energy
1988,112240.2659637137,Canada,Energy
1989,111787.92436201482,Canada,Energy
1990,112339.94532706715,Canada,Energy
1991,112974.35185238547,Canada,Energy
1992,113690.3821917418,Canada,Energy
1993,113238.04060152867,Canada,Energy
1994,113790.06158439367,Canada,Energy
1995,114424.46813662254,Canada,Energy
1996,115140.49848318529,Canada,Energy
1997,114688.15667726408,Canada,Energy
1998,115240.17743674238,Canada,Energy
1999,115874.0908585263,Canada,Energy
2000,116589.37716589237,Canada,Energy
2001,116135.19159366189,Canada,Energy
2002,116682.6458150268,Canada,Energy
2003,117080.04355364473,Canada,Energy
2004,117558.6011904484,Canada,Energy
2005,116868.13629330805,Canada,Energy
2006,116447.07736124587,Canada,Energy
2007,116107.50795996944,Canada,Energy
2008,115846.75648030773,Canada,Energy
2009,114414.37703561733,Canada,Energy
2010,113988.96008156809,Canada,Energy
2011,113645.9176512305,Canada,Energy
2012,113384.49901963859,Canada,Energy
2013,111951.73904466245,Canada,Energy
2014,111523.62339816219,Canada,Energy
2015,110747.01954567835,Canada,Energy
2016,110035.24210924114,Canada,Energy
2017,108151.18094687298,Canada,Energy
2018,107275.39415142723,Canada,Energy
2019,106481.99291625094,Canada,Energy
2020,105770.21547981066,Canada,Energy
2021,103886.15431744269,Canada,Energy
2022,103010.36752199783,Canada,Energy
2023,102216.96628681666,Canada,Energy
2023,103717.7302195034,Canada,Energy
2024,100874.09008803117,Canada,Energy
2025,100322.54328097898,Canada,Energy
2026,99849.24221283701,Canada,Energy
2027,99452.7035900604,Canada,Energy
1986,58933.70339372582,Brunei Darussalam,Energy
1987,63365.11389063843,Brunei Darussalam,Energy
1988,67328.90001134295,Brunei Darussalam,Energy
1989,60758.04038197491,Brunei Darussalam,Energy
1990,65653.71545134945,Brunei Darussalam,Energy
1991,70085.12594305883,Brunei Darussalam,Energy
1992,74048.9120683584,Brunei Darussalam,Energy
1993,67478.05244645284,Brunei Darussalam,Energy
1994,72373.72751865842,Brunei Darussalam,Energy
1995,76805.13802231806,Brunei Darussalam,Energy
1996,80769.21679997355,Brunei Darussalam,Energy
1997,74198.65062825604,Brunei Darussalam,Energy
1998,79094.61835793764,Brunei Darussalam,Energy
1999,83526.32150497378,Brunei Darussalam,Energy
2000,87490.40029624669,Brunei Darussalam,Energy
2001,80919.83413252544,Brunei Darussalam,Energy
2002,85815.80187571218,Brunei Darussalam,Energy
2003,90247.50503304221,Brunei Darussalam,Energy
2004,94211.58381282414,Brunei Darussalam,Energy
2005,87641.0176399304,Brunei Darussalam,Energy
2006,92536.98538034083,Brunei Darussalam,Energy
2007,96968.68855000021,Brunei Darussalam,Energy
2008,100932.7673391976,Brunei Darussalam,Energy
2009,94362.20116836994,Brunei Darussalam,Energy
2010,99258.16889329476,Brunei Darussalam,Energy
2011,103689.872035434,Brunei Darussalam,Energy
2012,107653.95080653032,Brunei Darussalam,Energy
2013,101083.38461105594,Brunei Darussalam,Energy
2014,105979.35230961406,Brunei Darussalam,Energy
2015,110411.05543200817,Brunei Darussalam,Energy
2016,114375.13419180953,Brunei Darussalam,Energy
2017,107804.5679988194,Brunei Darussalam,Energy
2018,112700.53570730732,Brunei Darussalam,Energy
2019,117132.23883814091,Brunei Darussalam,Energy
2020,121096.31759793083,Brunei Darussalam,Energy
2021,114525.75140494664,Brunei Darussalam,Energy
2022,119421.71911345195,Brunei Darussalam,Energy
2023,123853.42224427225,Brunei Darussalam,Energy
2023,132237.04973328413,Brunei Darussalam,Energy
2024,131311.3896480929,Brunei Darussalam,Energy
2025,134333.32001730351,Brunei Darussalam,Energy
2026,136882.32374625793,Brunei Darussalam,Energy
2027,138958.23313941344,Brunei Darussalam,Energy
1986,89075.38329164895,United States,Energy
1987,89347.22213382527,United States,Energy
1988,89194.15212516149,United States,Energy
1989,89609.94309303138,United States,Energy
1990,90306.73009714975,United States,Energy
1991,90578.56893644146,United States,Energy
1992,90425.49875530483,United States,Energy
1993,90841.28954631393,United States,Energy
1994,91538.05914804546,United States,Energy
1995,91809.68317357486,United States,Energy
1996,91656.39076862653,United States,Energy
1997,92071.1341097547,United States,Energy
1998,92766.87635352794,United States,Energy
1999,93036.53911910349,United States,Energy
2000,92754.72774980076,United States,Energy
2001,91971.43523011004,United States,Energy
2002,91472.32592401475,United States,Energy
2003,90546.86497485152,United States,Energy
2004,89195.46082273386,United States,Energy
2005,88409.63453894937,United States,Energy
2006,87907.49531581362,United States,Energy
2007,86980.40782144194,United States,Energy
2008,85628.41147571725,United States,Energy
2009,84841.99137401194,United States,Energy
2010,84339.85204596614,United States,Energy
2011,83412.76455496802,United States,Energy
2012,82060.76821293539,United States,Energy
2013,81275.14260144063,United States,Energy
2014,81066.54604159624,United States,Energy
2015,80434.79397135956,United States,Energy
2016,79378.4468634421,United States,Energy
2017,78888.48599932532,United States,Energy
2018,78681.99590726866,United States,Energy
2019,78050.55765038467,United States,Energy
2020,76994.21054246798,United States,Energy
2021,76504.24967835422,United States,Energy
2022,76297.75958629695,United States,Energy
2023,75666.3213294112,United States,Energy
2023,68545.31377012734,United States,Energy
2024,73129.46694521997,United States,Energy
2025,71226.25632320809,United States,Energy
2026,68902.50491576712,United States,Energy
2027,66161.0774491762,United States,Energy
1986,73932.83320916531,Kuwait,Energy
1987,74726.73488289399,Kuwait,Energy
1988,75802.11716159417,Kuwait,Energy
1989,79128.29391117638,Kuwait,Energy
1990,79641.52318945619,Kuwait,Energy
1991,80435.42486533918,Kuwait,Energy
1992,81510.80713405501,Kuwait,Energy
1993,84836.9839473264,Kuwait,Energy
1994,85350.21322343773,Kuwait,Energy
1995,86144.11485960528,Kuwait,Energy
1996,87219.49702349666,Kuwait,Energy
1997,90545.67369148872,Kuwait,Energy
1998,91058.90286927654,Kuwait,Energy
1999,91852.79769867848,Kuwait,Energy
2000,92928.17304361828,Kuwait,Energy
2001,96254.22770079592,Kuwait,Energy
2002,96767.27266114182,Kuwait,Energy
2003,97560.90975544328,Kuwait,Energy
2004,98635.17842337867,Kuwait,Energy
2005,101960.23855436206,Kuwait,Energy
2006,102470.38160279009,Kuwait,Energy
2007,103259.48069176366,Kuwait,Energy
2008,104328.99864792146,Kuwait,Energy
2009,107649.13345052928,Kuwait,Energy
2010,108156.33390785963,Kuwait,Energy
2011,108943.29552068161,Kuwait,Energy
2012,110011.7377124076,Kuwait,Energy
2013,113330.95390396037,Kuwait,Energy
2014,113837.24155963346,Kuwait,Energy
2015,114624.20161856044,Kuwait,Energy
2016,115692.64221091542,Kuwait,Energy
2017,119011.85829900084,Kuwait,Energy
2018,119518.14591485373,Kuwait,Energy
2019,120305.10592830754,Kuwait,Energy
2020,121373.54652066491,Kuwait,Energy
2021,124692.76260874738,Kuwait,Energy
2022,125199.05022459672,Kuwait,Energy
2023,125986.01023805453,Kuwait,Energy
2023,128460.12606260151,Kuwait,Energy
2024,128404.661556189,Kuwait,Energy
2025,130036.41303275496,Kuwait,Energy
2026,131948.95751763845,Kuwait,Energy
2027,134141.03037233796,Kuwait,Energy
1986,2834083641992.5312,China,Financial
1987,2973942470539.9844,China,Financial
1988,3120117039347.7393,China,Financial
1989,3462397086820.577,China,Financial
1990,3596303967426.8994,China,Financial
1991,3736201512123.782,China,Financial
1992,3882960450003.2314,China,Financial
1993,4226494047057.9365,China,Financial
1994,4433399196213.311,China,Financial
1995,4646411352239.58,China,Financial
1996,4865740279489.561,China,Financial
1997,5281375919338.537,China,Financial
1998,5488399251076.72,China,Financial
1999,5701619616593.296,China,Financial
2000,5921557899458.254,China,Financial
2001,6338079004973.186,China,Financial
2002,6770469264967.264,China,Financial
2003,7209288909269.819,China,Financial
2004,7892032608416.371,China,Financial
2005,8772351838724.355,China,Financial
2006,9443042623086.203,China,Financial
2007,10120063461213.23,China,Financial
2008,10803478395709.445,China,Financial
2009,11684515547211.766,China,Financial
2010,12739307916923.041,China,Financial
2011,13811515325194.566,China,Financial
2012,14890038473619.738,China,Financial
2013,16167684969396.043,China,Financial
2014,17288496831812.705,China,Financial
2015,18415406541673.84,China,Financial
2016,19548631991590.844,China,Financial
2017,20880667169247.09,China,Financial
2018,22001586214917.348,China,Financial
2019,23128495924676.83,China,Financial
2020,24261721374595.04,China,Financial
2021,25593756552250.68,China,Financial
2022,26714675597921.344,China,Financial
2023,27841585307683.43,China,Financial
2023,28863844444445.93,China,Financial
2024,30114664908134.113,China,Financial
2025,31261447948748.918,China,Financial
2026,32415446664734.383,China,Financial
2027,33576933827452.55,China,Financial
1986,8122293403922.581,United States,Financial
1987,8386358423710.678,United States,Financial
1988,8594193083136.602,United States,Financial
1989,8883715162833.758,United States,Financial
1990,9204064255479.023,United States,Financial
1991,9468129276239.78,United States,Financial
1992,9676067128019.414,United States,Financial
1993,9965811306482.268,United States,Financial
1994,10375861239920.566,United States,Financial
1995,10746690956829.965,United States,Financial
1996,11061310200312.014,United States,Financial
1997,11458010392565.46,United States,Financial
1998,11885244760250.799,United States,Financial
1999,12256195055219.371,United States,Financial
2000,12570914988851.734,United States,Financial
2001,12967480873851.156,United States,Financial
2002,13394345595172.914,United States,Financial
2003,13764689998888.066,United States,Financial
2004,14078549626852.531,United States,Financial
2005,14474387154011.941,United States,Financial
2006,14731308319094.555,United States,Financial
2007,14931936915930.152,United States,Financial
2008,15076324813035.37,United States,Financial
2009,15302226302582.55,United States,Financial
2010,15559128636842.504,United States,Financial
2011,15759801485338.598,United States,Financial
2012,15904243974082.887,United States,Financial
2013,16252164051345.988,United States,Financial
2014,16630923146642.004,United States,Financial
2015,16953772348672.895,United States,Financial
2016,17220398443005.41,United States,Financial
2017,17568873029591.816,United States,Financial
2018,17948013555560.094,United States,Financial
2019,18270870009643.562,United States,Financial
2020,18537496103976.363,United States,Financial
2021,18885970690563.094,United States,Financial
2022,19265111216531.414,United States,Financial
2023,19587967670615.066,United States,Financial
2023,19046096738538.336,United States,Financial
2024,20065138424154.402,United States,Financial
2025,20219845512992.723,United States,Financial
2026,20319053405947.406,United States,Financial
2027,20363194399512.855,United States,Financial
1986,1288853026861.0322,India,Financial
1987,1383164045563.5635,India,Financial
1988,1413011868055.8608,India,Financial
1989,1572261407948.125,India,Financial
1990,1731071012921.9824,India,Financial
1991,1825382031709.3608,India,Financial
1992,1855230180063.0938,India,Financial
1993,2014487890426.587,India,Financial
1994,2173422688289.4204,India,Financial
1995,2267936861800.702,India,Financial
1996,2298173634659.9053,India,Financial
1997,2457871337557.131,India,Financial
1998,2617127881030.869,India,Financial
1999,2719913449293.6797,India,Financial
2000,2758709768037.328,India,Financial
2001,2927112793484.3374,India,Financial
2002,3107623733789.552,India,Financial
2003,3223857925262.382,India,Financial
2004,3435718228403.9033,India,Financial
2005,3777478913261.7153,India,Financial
2006,4118583767367.8203,India,Financial
2007,4395298923633.675,India,Financial
2008,4607784419407.79,India,Financial
2009,5029178195719.503,India,Financial
2010,5449645105880.598,India,Financial
2011,5840806027266.948,India,Financial
2012,6167503752387.26,India,Financial
2013,6624425911221.566,India,Financial
2014,7080096816689.598,India,Financial
2015,7471269136030.242,India,Financial
2016,7797978259140.951,India,Financial
2017,8254902418270.033,India,Financial
2018,8710573323833.104,India,Financial
2019,9101745643209.453,India,Financial
2020,9428454766320.408,India,Financial
2021,9885378925449.916,India,Financial
2022,10341049831012.865,India,Financial
2023,10732222150389.14,India,Financial
2023,10095284597864.074,India,Financial
2024,11321324707580.72,India,Financial
2025,11519661825372.262,India,Financial
2026,11654313425397.63,India,Financial
2027,11725761105047.451,India,Financial
1986,3160602516548.7,Japan,Financial
1987,3272379664855.0054,Japan,Financial
1988,3384079150716.6714,Japan,Financial
1989,3485655304594.9956,Japan,Financial
1990,3597504668870.532,Japan,Financial
1991,3709281815087.3975,Japan,Financial
1992,3820967650345.759,Japan,Financial
1993,3872608641330.583,Japan,Financial
1994,3934559362196.2915,Japan,Financial
1995,3996384591379.832,Japan,Financial
1996,4058054909807.802,Japan,Financial
1997,4089046106848.826,Japan,Financial
1998,4130503370558.256,Japan,Financial
1999,4171867136932.956,Japan,Financial
2000,4213151103763.1523,Japan,Financial
2001,4244114310063.724,Japan,Financial
2002,4285537701968.225,Japan,Financial
2003,4326882708946.287,Japan,Financial
2004,4368122762347.388,Japan,Financial
2005,4399046444720.977,Japan,Financial
2006,4427055253247.033,Japan,Financial
2007,4454893204449.123,Japan,Financial
2008,4482557479495.802,Japan,Financial
2009,4499868164583.609,Japan,Financial
2010,4527682294445.947,Japan,Financial
2011,4555424206082.17,Japan,Financial
2012,4583088455669.918,Japan,Financial
2013,4600399139798.913,Japan,Financial
2014,4628206427041.029,Japan,Financial
2015,4655916559054.651,Japan,Financial
2016,4682010752780.893,Japan,Financial
2017,4697747079973.609,Japan,Financial
2018,4723991153807.008,Japan,Financial
2019,4750163009581.762,Japan,Financial
2020,4776257203307.981,Japan,Financial
2021,4791993530500.699,Japan,Financial
2022,4818237604334.113,Japan,Financial
2023,4844409460108.832,Japan,Financial
2023,4879712772300.891,Japan,Financial
2024,4896513713698.52,Japan,Financial
2025,4922432152053.03,Japan,Financial
2026,4948250479756.959,Japan,Financial
2027,4973959222827.891,Japan,Financial
1986,1875419333908.6724,Germany,Financial
1987,1936844060601.148,Germany,Financial
1988,1985904787299.0159,Germany,Financial
1989,2016851058949.8445,Germany,Financial
1990,2090618120828.2126,Germany,Financial
1991,2152042847525.9297,Germany,Financial
1992,2201110769162.5117,Germany,Financial
1993,2232078040945.434,Germany,Financial
1994,2305866817459.3574,Germany,Financial
1995,2367320527276.0615,Germany,Financial
1996,2427280908954.0024,Germany,Financial
1997,2469172338013.005,Germany,Financial
1998,2553854652472.898,Germany,Financial
1999,2626197096874.3384,Germany,Financial
2000,2686175541340.6406,Germany,Financial
2001,2728069442333.591,Germany,Financial
2002,2812754221986.6685,Germany,Financial
2003,2885096666455.511,Germany,Financial
2004,2945075110946.5083,Germany,Financial
2005,2986969011947.784,Germany,Financial
2006,3071653791591.3154,Germany,Financial
2007,3143996236057.9673,Germany,Financial
2008,3203974677839.872,Germany,Financial
2009,3245862202534.6665,Germany,Financial
2010,3330540623291.6816,Germany,Financial
2011,3402875836596.6157,Germany,Financial
2012,3462847049924.918,Germany,Financial
2013,3504701878168.2744,Germany,Financial
2014,3589291735420.12,Germany,Financial
2015,3661522323563.8574,Germany,Financial
2016,3695023886862.408,Germany,Financial
2017,3710368367270.656,Germany,Financial
2018,3768576265726.546,Germany,Financial
2019,3814441829001.8525,Germany,Financial
2020,3847943392300.343,Germany,Financial
2021,3863287872708.7124,Germany,Financial
2022,3921495771164.609,Germany,Financial
2023,3967361334439.7188,Germany,Financial
2023,3858607899462.037,Germany,Financial
2024,4021999700931.5557,Germany,Financial
2025,4030791894743.6797,Germany,Financial
2026,4027280512131.706,Germany,Financial
2027,4011527404900.4824,Germany,Financial
1986,1090494720460.5579,Russian Federation,Financial
1987,1173630738347.3823,Russian Federation,Financial
1988,1248973186991.3096,Russian Federation,Financial
1989,1299213234825.3254,Russian Federation,Financial
1990,1390133131838.0317,Russian Federation,Financial
1991,1473269149709.5945,Russian Federation,Financial
1992,1548611598351.6975,Russian Federation,Financial
1993,1598855209449.449,Russian Federation,Financial
1994,1689780966041.2715,Russian Federation,Financial
1995,1772922844186.2668,Russian Federation,Financial
1996,1848279379600.496,Russian Federation,Financial
1997,1898542680266.2969,Russian Federation,Financial
1998,1989485766585.3489,Russian Federation,Financial
1999,2072707695268.474,Russian Federation,Financial
2000,2148206955374.6572,Russian Federation,Financial
2001,2198670817056.0513,Russian Federation,Financial
2002,2289864807916.316,Russian Federation,Financial
2003,2373300624009.886,Russian Federation,Financial
2004,2448955177566.7153,Russian Federation,Financial
2005,2499508185398.757,Russian Federation,Financial
2006,2590746907613.837,Russian Federation,Financial
2007,2674201751526.973,Russian Federation,Financial
2008,2749863026206.1846,Russian Federation,Financial
2009,2800422773587.1367,Russian Federation,Financial
2010,2891661496665.6846,Russian Federation,Financial
2011,2975116340599.623,Russian Federation,Financial
2012,3050777615295.8438,Russian Federation,Financial
2013,3101337362674.035,Russian Federation,Financial
2014,3192576085744.493,Russian Federation,Financial
2015,3276030929673.3325,Russian Federation,Financial
2016,3351692204362.907,Russian Federation,Financial
2017,3402251951741.617,Russian Federation,Financial
2018,3493490674809.977,Russian Federation,Financial
2019,3576945518737.214,Russian Federation,Financial
2020,3652606793426.7646,Russian Federation,Financial
2021,3703166540805.539,Russian Federation,Financial
2022,3794405263873.9463,Russian Federation,Financial
2023,3877860107801.1187,Russian Federation,Financial
2023,3877584315550.8276,Russian Federation,Financial
2024,4021392604870.0635,Russian Federation,Financial
2025,4081490490588.1543,Russian Federation,Financial
2026,4133844923731.92,Russian Federation,Financial
2027,4178498904615.0625,Russian Federation,Financial
1986,552448803582.7869,Indonesia,Financial
1987,596101116032.0504,Indonesia,Financial
1988,645170404147.878,Indonesia,Financial
1989,700988777393.9397,Indonesia,Financial
1990,739228621556.9861,Indonesia,Financial
1991,782880943361.0443,Indonesia,Financial
1992,831950222794.8026,Indonesia,Financial
1993,887767404852.9454,Indonesia,Financial
1994,925959156323.0791,Indonesia,Financial
1995,969527026193.0891,Indonesia,Financial
1996,1018464201414.4994,Indonesia,Financial
1997,1074127322093.3662,Indonesia,Financial
1998,1112212333952.579,Indonesia,Financial
1999,1155709821111.5254,Indonesia,Financial
2000,1204624277928.2686,Indonesia,Financial
2001,1260287409930.6824,Indonesia,Financial
2002,1298376715913.137,Indonesia,Financial
2003,1341920684537.4663,Indonesia,Financial
2004,1408222108689.4226,Indonesia,Financial
2005,1481319832455.5178,Indonesia,Financial
2006,1591522436034.2837,Indonesia,Financial
2007,1707204991550.3755,Indonesia,Financial
2008,1828365956421.7678,Indonesia,Financial
2009,1956503633854.191,Indonesia,Financial
2010,2066865399900.08,Indonesia,Financial
2011,2182639657814.4495,Indonesia,Financial
2012,2303830882820.9336,Indonesia,Financial
2013,2431968781785.449,Indonesia,Financial
2014,2542330553417.3135,Indonesia,Financial
2015,2658104807464.079,Indonesia,Financial
2016,2779295498696.606,Indonesia,Financial
2017,2907432871096.9473,Indonesia,Financial
2018,3017794117596.372,Indonesia,Financial
2019,3133567841736.804,Indonesia,Financial
2020,3254758532969.3364,Indonesia,Financial
2021,3382895905369.633,Indonesia,Financial
2022,3493257151869.044,Indonesia,Financial
2023,3609030876009.5176,Indonesia,Financial
2023,3793442844099.968,Indonesia,Financial
2024,3856824051528.896,Indonesia,Financial
2025,3988823500579.256,Indonesia,Financial
2026,4126195457436.233,Indonesia,Financial
2027,4268905878372.4033,Indonesia,Financial
1986,954681792889.8528,Brazil,Financial
1987,1017778032806.0753,Brazil,Financial
1988,1070612262695.6156,Brazil,Financial
1989,1146779323171.0544,Brazil,Financial
1990,1220143425656.3223,Brazil,Financial
1991,1283239665789.5356,Brazil,Financial
1992,1336073895761.9856,Brazil,Financial
1993,1412240956507.279,Brazil,Financial
1994,1485605059264.7107,Brazil,Financial
1995,1548701299704.2417,Brazil,Financial
1996,1601535530021.9395,Brazil,Financial
1997,1677702600161.059,Brazil,Financial
1998,1751066712195.814,Brazil,Financial
1999,1814164421068.6978,Brazil,Financial
2000,1867000119881.7932,Brazil,Financial
2001,1943168653811.3618,Brazil,Financial
2002,2016534225714.1157,Brazil,Financial
2003,2079631935556.3115,Brazil,Financial
2004,2132467635407.1624,Brazil,Financial
2005,2208636170013.7466,Brazil,Financial
2006,2282001742588.507,Brazil,Financial
2007,2345099452491.513,Brazil,Financial
2008,2397935151882.5244,Brazil,Financial
2009,2474102945936.453,Brazil,Financial
2010,2547433067044.3057,Brazil,Financial
2011,2610432681986.1416,Brazil,Financial
2012,2663170286629.7583,Brazil,Financial
2013,2739166069392.3535,Brazil,Financial
2014,2812304047587.83,Brazil,Financial
2015,2875153317858.2344,Brazil,Financial
2016,2927731133186.2676,Brazil,Financial
2017,3003641076737.2344,Brazil,Financial
2018,3076748764715.5254,Brazil,Financial
2019,3139588590341.7256,Brazil,Financial
2020,3192166405669.7964,Brazil,Financial
2021,3268076349220.832,Brazil,Financial
2022,3341184037199.0996,Brazil,Financial
2023,3404023862825.2847,Brazil,Financial
2023,3300588623027.8467,Brazil,Financial
2024,3498940908067.164,Brazil,Financial
2025,3531082510942.782,Brazil,Financial
2026,3553084910008.074,Brazil,Financial
2027,3565023895511.985,Brazil,Financial
1986,1445346744434.1707,France,Financial
1987,1482851482485.4463,France,Financial
1988,1504191002093.276,France,Financial
1989,1547226375430.1958,France,Financial
1990,1600890376134.3533,France,Financial
1991,1638395114204.622,France,Financial
1992,1659734633829.7915,France,Financial
1993,1702770007195.993,France,Financial
1994,1756435817262.3726,France,Financial
1995,1793945944969.233,France,Financial
1996,1819625069950.6362,France,Financial
1997,1867042898915.553,France,Financial
1998,1925077381312.8384,France,Financial
1999,1966952678201.5264,France,Financial
2000,1992662756632.569,France,Financial
2001,2040080662920.3745,France,Financial
2002,2098115222434.2341,France,Financial
2003,2139990519292.1619,France,Financial
2004,2165700589773.3618,France,Financial
2005,2213118488094.916,France,Financial
2006,2271015134927.191,France,Financial
2007,2302820541225.516,France,Financial
2008,2308187883989.5874,France,Financial
2009,2335151911551.8584,France,Financial
2010,2372786210591.3047,France,Financial
2011,2394261246962.485,France,Financial
2012,2399571064884.1177,France,Financial
2013,2426532819528.184,France,Financial
2014,2464167118520.6655,France,Financial
2015,2485642154872.973,France,Financial
2016,2490951972782.5474,France,Financial
2017,2517913727429.7095,France,Financial
2018,2555548026422.783,France,Financial
2019,2577023062781.9697,France,Financial
2020,2582332880691.5493,France,Financial
2021,2609294635338.8447,France,Financial
2022,2646928934331.8735,France,Financial
2023,2668403970690.9297,France,Financial
2023,2442769506751.6006,France,Financial
2024,2662880136406.8975,France,Financial
2025,2635952434870.523,France,Financial
2026,2593007699153.3716,France,Financial
2027,2534150414661.439,France,Financial
1986,1330748784140.7783,United Kingdom,Financial
1987,1368640511597.7412,United Kingdom,Financial
1988,1385723715680.5278,United Kingdom,Financial
1989,1433568659166.7422,United Kingdom,Financial
1990,1492268715146.5151,United Kingdom,Financial
1991,1530160442637.1716,United Kingdom,Financial
1992,1547243646676.2861,United Kingdom,Financial
1993,1595088622022.2163,United Kingdom,Financial
1994,1653808171395.6104,United Kingdom,Financial
1995,1691719392386.3262,United Kingdom,Financial
1996,1708829707027.1924,United Kingdom,Financial
1997,1756701835473.6643,United Kingdom,Financial
1998,1815429002263.399,United Kingdom,Financial
1999,1853347840630.7283,United Kingdom,Financial
2000,1870458155773.4458,United Kingdom,Financial
2001,1918330284484.4395,United Kingdom,Financial
2002,1977057451273.9387,United Kingdom,Financial
2003,2014976289668.4338,United Kingdom,Financial
2004,2032079157008.2683,United Kingdom,Financial
2005,2079943817492.6882,United Kingdom,Financial
2006,2134514108532.896,United Kingdom,Financial
2007,2168239523474.7415,United Kingdom,Financial
2008,2174818018697.1167,United Kingdom,Financial
2009,2212096376690.648,United Kingdom,Financial
2010,2260258010739.278,United Kingdom,Financial
2011,2287611316346.0073,United Kingdom,Financial
2012,2294156098549.43,United Kingdom,Financial
2013,2331433747345.7197,United Kingdom,Financial
2014,2379595381132.211,United Kingdom,Financial
2015,2406948686156.5083,United Kingdom,Financial
2016,2413493467738.4517,United Kingdom,Financial
2017,2450771116202.8516,United Kingdom,Financial
2018,2498932749677.2456,United Kingdom,Financial
2019,2526286054662.498,United Kingdom,Financial
2020,2532830836244.4756,United Kingdom,Financial
2021,2570108484709.035,United Kingdom,Financial
2022,2618270118183.384,United Kingdom,Financial
2023,2645623423168.524,United Kingdom,Financial
2023,2352174151871.525,United Kingdom,Financial
2024,2637940123551.4146,United Kingdom,Financial
2025,2603010638460.2046,United Kingdom,Financial
2026,2547486889408.4272,United Kingdom,Financial
2027,2471511520378.701,United Kingdom,Financial
1986,8.971306300799986,Turkmenistan,Efficiency
1987,8.799712718014558,Turkmenistan,Efficiency
1988,8.649889952314009,Turkmenistan,Efficiency
1989,8.479147514888533,Turkmenistan,Efficiency
1990,8.285790072801632,Turkmenistan,Efficiency
1991,8.114196490008766,Turkmenistan,Efficiency
1992,7.964373724066321,Turkmenistan,Efficiency
1993,7.793631286462719,Turkmenistan,Efficiency
1994,7.600273844262185,Turkmenistan,Efficiency
1995,7.428680261361956,Turkmenistan,Efficiency
1996,7.278857495566696,Turkmenistan,Efficiency
1997,7.108115058001307,Turkmenistan,Efficiency
1998,6.91475761593827,Turkmenistan,Efficiency
1999,6.743164033133993,Turkmenistan,Efficiency
2000,6.5933412671958305,Turkmenistan,Efficiency
2001,6.422598829244722,Turkmenistan,Efficiency
2002,6.229241387006311,Turkmenistan,Efficiency
2003,6.057647803934029,Turkmenistan,Efficiency
2004,5.90782503812994,Turkmenistan,Efficiency
2005,5.7370826004675255,Turkmenistan,Efficiency
2006,5.543725158205263,Turkmenistan,Efficiency
2007,5.372131575443316,Turkmenistan,Efficiency
2008,5.222308809609148,Turkmenistan,Efficiency
2009,5.051567704133575,Turkmenistan,Efficiency
2010,4.858223249948187,Turkmenistan,Efficiency
2011,4.686645214404253,Turkmenistan,Efficiency
2012,4.536837995922349,Turkmenistan,Efficiency
2013,4.366111148382844,Turkmenistan,Efficiency
2014,4.172772934085274,Turkmenistan,Efficiency
2015,4.001198579067385,Turkmenistan,Efficiency
2016,3.851395041397445,Turkmenistan,Efficiency
2017,3.6806718845488597,Turkmenistan,Efficiency
2018,3.4873336705228746,Turkmenistan,Efficiency
2019,3.3157593157909355,Turkmenistan,Efficiency
2020,3.165955778120982,Turkmenistan,Efficiency
2021,2.995232621272195,Turkmenistan,Efficiency
2022,2.801894407246259,Turkmenistan,Efficiency
2023,2.630320052514465,Turkmenistan,Efficiency
2023,2.783144131346149,Turkmenistan,Efficiency
2024,2.352449423446438,Turkmenistan,Efficiency
2025,2.246043135114978,Turkmenistan,Efficiency
2026,2.1611808616100605,Turkmenistan,Efficiency
2027,2.0977048680683454,Turkmenistan,Efficiency
1986,3.3515499023999498,Trinidad and Tobago,Efficiency
1987,3.4572612453740774,Trinidad and Tobago,Efficiency
1988,3.537627008861609,Trinidad and Tobago,Efficiency
1989,3.7907343710311316,Trinidad and Tobago,Efficiency
1990,3.9218356705934836,Trinidad and Tobago,Efficiency
1991,4.027547013332077,Trinidad and Tobago,Efficiency
1992,4.107912776600872,Trinidad and Tobago,Efficiency
1993,4.361020138646124,Trinidad and Tobago,Efficiency
1994,4.492112919763275,Trinidad and Tobago,Efficiency
1995,4.597731710166369,Trinidad and Tobago,Efficiency
1996,4.6779463675715505,Trinidad and Tobago,Efficiency
1997,4.833716150321922,Trinidad and Tobago,Efficiency
1998,4.867745820172861,Trinidad and Tobago,Efficiency
1999,4.876382222793998,Trinidad and Tobago,Efficiency
2000,4.859654673531637,Trinidad and Tobago,Efficiency
2001,5.01539521145089,Trinidad and Tobago,Efficiency
2002,5.049395369413887,Trinidad and Tobago,Efficiency
2003,5.058005569559016,Trinidad and Tobago,Efficiency
2004,5.041269324488317,Trinidad and Tobago,Efficiency
2005,5.197008645285997,Trinidad and Tobago,Efficiency
2006,5.230982561552931,Trinidad and Tobago,Efficiency
2007,5.2395134665378595,Trinidad and Tobago,Efficiency
2008,5.207904988221133,Trinidad and Tobago,Efficiency
2009,5.348636160965086,Trinidad and Tobago,Efficiency
2010,5.367576118622812,Trinidad and Tobago,Efficiency
2011,5.274664060353604,Trinidad and Tobago,Efficiency
2012,5.156406422709152,Trinidad and Tobago,Efficiency
2013,5.210340741442507,Trinidad and Tobago,Efficiency
2014,5.1428131861196675,Trinidad and Tobago,Efficiency
2015,5.049895673986589,Trinidad and Tobago,Efficiency
2016,4.931632582334915,Trinidad and Tobago,Efficiency
2017,4.985566900808601,Trinidad and Tobago,Efficiency
2018,4.918039345356183,Trinidad and Tobago,Efficiency
2019,4.825121833079807,Trinidad and Tobago,Efficiency
2020,4.706858741428336,Trinidad and Tobago,Efficiency
2021,4.760793059902178,Trinidad and Tobago,Efficiency
2022,4.693265504449499,Trinidad and Tobago,Efficiency
2023,4.600347992173162,Trinidad and Tobago,Efficiency
2023,3.982741465448757,Trinidad and Tobago,Efficiency
2024,4.338563655018791,Trinidad and Tobago,Efficiency
2025,4.169914593697759,Trinidad and Tobago,Efficiency
2026,3.976310760011823,Trinidad and Tobago,Efficiency
2027,3.7579676245438063,Trinidad and Tobago,Efficiency
1986,1.9168490789999695,"Venezuela, RB",Efficiency
1987,1.9249761917554578,"Venezuela, RB",Efficiency
1988,1.9164015976815767,"Venezuela, RB",Efficiency
1989,2.016603324866111,"Venezuela, RB",Efficiency
1990,2.0414596998808134,"Venezuela, RB",Efficiency
1991,2.04958681259453,"Venezuela, RB",Efficiency
1992,2.0410122182495036,"Venezuela, RB",Efficiency
1993,2.1412139450546706,"Venezuela, RB",Efficiency
1994,2.166070319284145,"Venezuela, RB",Efficiency
1995,2.1741974310008345,"Venezuela, RB",Efficiency
1996,2.1656228362256087,"Venezuela, RB",Efficiency
1997,2.2658245632311202,"Venezuela, RB",Efficiency
1998,2.2906809379634563,"Venezuela, RB",Efficiency
1999,2.298808050284898,"Venezuela, RB",Efficiency
2000,2.290233455925021,"Venezuela, RB",Efficiency
2001,2.3904351829075514,"Venezuela, RB",Efficiency
2002,2.4152915576905203,"Venezuela, RB",Efficiency
2003,2.4234186899415504,"Venezuela, RB",Efficiency
2004,2.4148441169855666,"Venezuela, RB",Efficiency
2005,2.5150458654969627,"Venezuela, RB",Efficiency
2006,2.539904984623763,"Venezuela, RB",Efficiency
2007,2.5480370593683856,"Venezuela, RB",Efficiency
2008,2.5394755373863633,"Venezuela, RB",Efficiency
2009,2.6397171144281897,"Venezuela, RB",Efficiency
2010,2.6646515121378354,"Venezuela, RB",Efficiency
2011,2.6728992646373086,"Venezuela, RB",Efficiency
2012,2.664445310301873,"Venezuela, RB",Efficiency
2013,2.764791131557438,"Venezuela, RB",Efficiency
2014,2.7897912988035833,"Venezuela, RB",Efficiency
2015,2.798073945551976,"Venezuela, RB",Efficiency
2016,2.7896660385115917,"Venezuela, RB",Efficiency
2017,2.890034909558197,"Venezuela, RB",Efficiency
2018,2.9150579716538543,"Venezuela, RB",Efficiency
2019,2.923351771448407,"Venezuela, RB",Efficiency
2020,2.914943864408155,"Venezuela, RB",Efficiency
2021,3.0153127354548612,"Venezuela, RB",Efficiency
2022,3.040335797550354,"Venezuela, RB",Efficiency
2023,3.0486295973449247,"Venezuela, RB",Efficiency
2023,2.715840654079055,"Venezuela, RB",Efficiency
2024,3.015168104314241,"Venezuela, RB",Efficiency
2025,2.9735532527051256,"Venezuela, RB",Efficiency
2026,2.9154897999133325,"Venezuela, RB",Efficiency
2027,2.8411184799766844,"Venezuela, RB",Efficiency
1986,23.504476976870045,Bahrain,Efficiency
1987,22.48668115722366,Bahrain,Efficiency
1988,21.122826268423516,Bahrain,Efficiency
1989,20.56018999516679,Bahrain,Efficiency
1990,19.88850809035852,Bahrain,Efficiency
1991,18.87071227027309,Bahrain,Efficiency
1992,17.506857381860677,Bahrain,Efficiency
1993,16.944221109019292,Bahrain,Efficiency
1994,16.27253920448026,Bahrain,Efficiency
1995,15.254746412944527,Bahrain,Efficiency
1996,13.890916812477869,Bahrain,Efficiency
1997,13.328545931325696,Bahrain,Efficiency
1998,12.657128693639034,Bahrain,Efficiency
1999,11.64016126855961,Bahrain,Efficiency
2000,10.277703093620008,Bahrain,Efficiency
2001,9.717093187285137,Bahrain,Efficiency
2002,9.04840878053205,Bahrain,Efficiency
2003,8.033696819446778,Bahrain,Efficiency
2004,6.878276695851749,Bahrain,Efficiency
2005,6.5246462417757485,Bahrain,Efficiency
2006,6.121491021521173,Bahrain,Efficiency
2007,5.687716449991619,Bahrain,Efficiency
2008,5.05748767172971,Bahrain,Efficiency
2009,5.231515858529967,Bahrain,Efficiency
2010,5.295464505962116,Bahrain,Efficiency
2011,5.013699636064622,Bahrain,Efficiency
2012,4.385875697489965,Bahrain,Efficiency
2013,4.561466005094708,Bahrain,Efficiency
2014,4.626068847344612,Bahrain,Efficiency
2015,4.344727577676963,Bahrain,Efficiency
2016,3.717328416564712,Bahrain,Efficiency
2017,3.8931655577506845,Bahrain,Efficiency
2018,3.957939380593899,Bahrain,Efficiency
2019,3.67659928815943,Bahrain,Efficiency
2020,3.049200127047925,Bahrain,Efficiency
2021,3.2250372682365622,Bahrain,Efficiency
2022,3.2898110910785263,Bahrain,Efficiency
2023,3.0084709986421316,Bahrain,Efficiency
2023,-2.8990644366440534,Bahrain,Efficiency
2024,1.4082642837146722,Bahrain,Efficiency
2025,0.09129383187478624,Bahrain,Efficiency
2026,-1.5680012112208956,Bahrain,Efficiency
2027,-3.567192726141606,Bahrain,Efficiency
1986,2.8367735969999837,Iceland,Efficiency
1987,2.886349557917596,Iceland,Efficiency
1988,2.956894872492244,Iceland,Efficiency
1989,3.0009369469373683,Iceland,Efficiency
1990,3.0295451921632455,Iceland,Efficiency
1991,3.0791211530283844,Iceland,Efficiency
1992,3.149666467573865,Iceland,Efficiency
1993,3.193708541958716,Iceland,Efficiency
1994,3.222316787158072,Iceland,Efficiency
1995,3.271892748006898,Iceland,Efficiency
1996,3.3424380625109205,Iceland,Efficiency
1997,3.386480136882918,Iceland,Efficiency
1998,3.4150883820784337,Iceland,Efficiency
1999,3.46466434292474,Iceland,Efficiency
2000,3.535209657482513,Iceland,Efficiency
2001,3.579251731894468,Iceland,Efficiency
2002,3.6078599770926,Iceland,Efficiency
2003,3.6574359378657824,Iceland,Efficiency
2004,3.7279812523098848,Iceland,Efficiency
2005,3.7720233265907837,Iceland,Efficiency
2006,3.8006315698876216,Iceland,Efficiency
2007,3.850207528798398,Iceland,Efficiency
2008,3.9207522872450884,Iceland,Efficiency
2009,3.964777967971215,Iceland,Efficiency
2010,3.993340415740027,Iceland,Efficiency
2011,4.042730851306005,Iceland,Efficiency
2012,4.113090640572478,Iceland,Efficiency
2013,4.1569237191050235,Iceland,Efficiency
2014,4.185252363674831,Iceland,Efficiency
2015,4.234525970149983,Iceland,Efficiency
2016,4.304747200562671,Iceland,Efficiency
2017,4.348464302910525,Iceland,Efficiency
2018,4.376748463983473,Iceland,Efficiency
2019,4.4260003406957065,Iceland,Efficiency
2020,4.496221571108368,Iceland,Efficiency
2021,4.539938673456048,Iceland,Efficiency
2022,4.56822283452904,Iceland,Efficiency
2023,4.617474711241385,Iceland,Efficiency
2023,4.985516035112655,Iceland,Efficiency
2024,4.7788504941046135,Iceland,Efficiency
2025,4.890864726147816,Iceland,Efficiency
2026,5.023627507338384,Iceland,Efficiency
2027,5.176990405657122,Iceland,Efficiency
1986,-0.10477267716995403,Lao PDR,Efficiency
1987,-0.012075551530803502,Lao PDR,Efficiency
1988,0.08358121456484954,Lao PDR,Efficiency
1989,0.08249701784321617,Lao PDR,Efficiency
1990,0.17220671920894967,Lao PDR,Efficiency
1991,0.2649038448724656,Lao PDR,Efficiency
1992,0.36056061099205305,Lao PDR,Efficiency
1993,0.35947641430365007,Lao PDR,Efficiency
1994,0.4491861157081728,Lao PDR,Efficiency
1995,0.541883241415068,Lao PDR,Efficiency
1996,0.6375400075932999,Lao PDR,Efficiency
1997,0.6364558109487433,Lao PDR,Efficiency
1998,0.7261655123604358,Lao PDR,Efficiency
1999,0.8188646821261949,Lao PDR,Efficiency
2000,0.9145251803858068,Lao PDR,Efficiency
2001,0.913444744565087,Lao PDR,Efficiency
2002,1.003171812258709,Lao PDR,Efficiency
2003,1.0959141401189434,Lao PDR,Efficiency
2004,1.191624794535429,Lao PDR,Efficiency
2005,1.1905946337617928,Lao PDR,Efficiency
2006,1.2803683315392653,Lao PDR,Efficiency
2007,1.3731294838476213,Lao PDR,Efficiency
2008,1.4688502771852707,Lao PDR,Efficiency
2009,1.467833134383239,Lao PDR,Efficiency
2010,1.5576270396193355,Lao PDR,Efficiency
2011,1.6504102997055663,Lao PDR,Efficiency
2012,1.7461532002671303,Lao PDR,Efficiency
2013,1.7451553740198806,Lao PDR,Efficiency
2014,1.8349517325909515,Lao PDR,Efficiency
2015,1.9277355154633495,Lao PDR,Efficiency
2016,2.023478938848195,Lao PDR,Efficiency
2017,2.0224816368203413,Lao PDR,Efficiency
2018,2.112277995431889,Lao PDR,Efficiency
2019,2.2050617783413156,Lao PDR,Efficiency
2020,2.3008052017260554,Lao PDR,Efficiency
2021,2.2998078996982003,Lao PDR,Efficiency
2022,2.3896042583099035,Lao PDR,Efficiency
2023,2.4823880412192563,Lao PDR,Efficiency
2023,2.712640811708731,Lao PDR,Efficiency
2024,2.6768016051518986,Lao PDR,Efficiency
2025,2.7783604481803748,Lao PDR,Efficiency
2026,2.8827649443067687,Lao PDR,Efficiency
2027,2.989967074586281,Lao PDR,Efficiency
1986,7.6446963963000725,"Korea, Dem. People's Rep.",Efficiency
1987,7.551030780283831,"Korea, Dem. People's Rep.",Efficiency
1988,7.471437351362869,"Korea, Dem. People's Rep.",Efficiency
1989,7.201235280417221,"Korea, Dem. People's Rep.",Efficiency
1990,7.09344101787625,"Korea, Dem. People's Rep.",Efficiency
1991,6.999775402047668,"Korea, Dem. People's Rep.",Efficiency
1992,6.920181973390317,"Korea, Dem. People's Rep.",Efficiency
1993,6.649979902628289,"Korea, Dem. People's Rep.",Efficiency
1994,6.542185640052402,"Korea, Dem. People's Rep.",Efficiency
1995,6.448520024141454,"Korea, Dem. People's Rep.",Efficiency
1996,6.368926595329754,"Korea, Dem. People's Rep.",Efficiency
1997,6.0987245241472845,"Korea, Dem. People's Rep.",Efficiency
1998,5.990930261224666,"Korea, Dem. People's Rep.",Efficiency
1999,5.8972402381563045,"Korea, Dem. People's Rep.",Efficiency
2000,5.817544386440714,"Korea, Dem. People's Rep.",Efficiency
2001,5.547223403884557,"Korea, Dem. People's Rep.",Efficiency
2002,5.4392753042509,"Korea, Dem. People's Rep.",Efficiency
2003,5.3454553602898365,"Korea, Dem. People's Rep.",Efficiency
2004,5.265670292495269,"Korea, Dem. People's Rep.",Efficiency
2005,4.9952760574763,"Korea, Dem. People's Rep.",Efficiency
2006,4.887201574737045,"Korea, Dem. People's Rep.",Efficiency
2007,4.793207131399984,"Korea, Dem. People's Rep.",Efficiency
2008,4.7132848750439855,"Korea, Dem. People's Rep.",Efficiency
2009,4.442753075327067,"Korea, Dem. People's Rep.",Efficiency
2010,4.334629984711353,"Korea, Dem. People's Rep.",Efficiency
2011,4.240635540786278,"Korea, Dem. People's Rep.",Efficiency
2012,4.16071328407622,"Korea, Dem. People's Rep.",Efficiency
2013,3.8901814840991693,"Korea, Dem. People's Rep.",Efficiency
2014,3.782058393204771,"Korea, Dem. People's Rep.",Efficiency
2015,3.6880639488238014,"Korea, Dem. People's Rep.",Efficiency
2016,3.6081416916911353,"Korea, Dem. People's Rep.",Efficiency
2017,3.3376098914717742,"Korea, Dem. People's Rep.",Efficiency
2018,3.22948680041146,"Korea, Dem. People's Rep.",Efficiency
2019,3.1354923560637658,"Korea, Dem. People's Rep.",Efficiency
2020,3.0555700989308714,"Korea, Dem. People's Rep.",Efficiency
2021,2.785038298711434,"Korea, Dem. People's Rep.",Efficiency
2022,2.676915207651423,"Korea, Dem. People's Rep.",Efficiency
2023,2.582920763303574,"Korea, Dem. People's Rep.",Efficiency
2023,2.874516895475759,"Korea, Dem. People's Rep.",Efficiency
2024,2.4370645496050516,"Korea, Dem. People's Rep.",Efficiency
2025,2.3850077112886057,"Korea, Dem. People's Rep.",Efficiency
2026,2.346689692189737,"Korea, Dem. People's Rep.",Efficiency
2027,2.321945302714246,"Korea, Dem. People's Rep.",Efficiency
1986,0.03633575400001671,Mozambique,Efficiency
1987,0.137610250318272,Mozambique,Efficiency
1988,0.24747725958793443,Mozambique,Efficiency
1989,0.3023750953746074,Mozambique,Efficiency
1990,0.39504235626054557,Mozambique,Efficiency
1991,0.4963168525481495,Mozambique,Efficiency
1992,0.6061838616962733,Mozambique,Efficiency
1993,0.6610816973003566,Mozambique,Efficiency
1994,0.753748958053403,Mozambique,Efficiency
1995,0.8550234540824098,Mozambique,Efficiency
1996,0.9648904629389353,Mozambique,Efficiency
1997,1.0197882982028326,Mozambique,Efficiency
1998,1.112455558675077,Mozambique,Efficiency
1999,1.2137300544466758,Mozambique,Efficiency
2000,1.323597063025331,Mozambique,Efficiency
2001,1.3784948980909082,Mozambique,Efficiency
2002,1.471162158440525,Mozambique,Efficiency
2003,1.5724366541453805,Mozambique,Efficiency
2004,1.682303662846449,Mozambique,Efficiency
2005,1.7372014980031911,Mozambique,Efficiency
2006,1.8298687505692195,Mozambique,Efficiency
2007,1.9311401530364767,Mozambique,Efficiency
2008,2.041003851744873,Mozambique,Efficiency
2009,2.0958983678857024,Mozambique,Efficiency
2010,2.1885621246739877,Mozambique,Efficiency
2011,2.2898315090170165,Mozambique,Efficiency
2012,2.3996934062942916,Mozambique,Efficiency
2013,2.4545858161423055,Mozambique,Efficiency
2014,2.547247655047389,Mozambique,Efficiency
2015,2.648516583771207,Mozambique,Efficiency
2016,2.758378025326049,Mozambique,Efficiency
2017,2.8132702780837846,Mozambique,Efficiency
2018,2.9059319713026475,Mozambique,Efficiency
2019,3.0072008999232427,Mozambique,Efficiency
2020,3.1170623414780185,Mozambique,Efficiency
2021,3.1719545942356975,Mozambique,Efficiency
2022,3.264616287454645,Mozambique,Efficiency
2023,3.365885216075222,Mozambique,Efficiency
2023,3.6416140769198018,Mozambique,Efficiency
2024,3.5941708646956583,Mozambique,Efficiency
2025,3.721113111862267,Mozambique,Efficiency
2026,3.8565137679088752,Mozambique,Efficiency
2027,4.000298393071198,Mozambique,Efficiency
1986,2.0655504038000503,Oman,Efficiency
1987,2.0814292548697235,Oman,Efficiency
1988,2.0819100375278703,Oman,Efficiency
1989,2.026893931925362,Oman,Efficiency
1990,2.058147829021352,Oman,Efficiency
1991,2.0740266804430445,Oman,Efficiency
1992,2.0745074631187155,Oman,Efficiency
1993,2.019491358078953,Oman,Efficiency
1994,2.050745255004528,Oman,Efficiency
1995,2.066627157852076,Oman,Efficiency
1996,2.0671109926190714,Oman,Efficiency
1997,2.0120987085043063,Oman,Efficiency
1998,2.043356416224899,Oman,Efficiency
1999,2.0592874987992564,Oman,Efficiency
2000,2.0598352068682244,Oman,Efficiency
2001,2.004907915277607,Oman,Efficiency
2002,2.036277186110125,Oman,Efficiency
2003,2.052285746201069,Oman,Efficiency
2004,2.0528968135689,Oman,Efficiency
2005,1.9980113498407173,Oman,Efficiency
2006,2.0293968822162496,Oman,Efficiency
2007,2.0454076053768433,Oman,Efficiency
2008,2.0460498739300483,Oman,Efficiency
2009,1.9912183742389695,Oman,Efficiency
2010,2.0227263119638175,Oman,Efficiency
2011,2.038911337296632,Oman,Efficiency
2012,2.0396982940681365,Oman,Efficiency
2013,1.9849892544790664,Oman,Efficiency
2014,2.016552632122266,Oman,Efficiency
2015,2.032740964462513,Oman,Efficiency
2016,2.0335312288859666,Oman,Efficiency
2017,1.9788254531639384,Oman,Efficiency
2018,2.0103888318228513,Oman,Efficiency
2019,2.0265771648075184,Oman,Efficiency
2020,2.0273674292309125,Oman,Efficiency
2021,1.9726616535090191,Oman,Efficiency
2022,2.0042250321680277,Oman,Efficiency
2023,2.0204133651525455,Oman,Efficiency
2023,1.8770013651569983,Oman,Efficiency
2024,2.0065989316454833,Oman,Efficiency
2025,1.9766284975120196,Oman,Efficiency
2026,1.9313476205991122,Oman,Efficiency
2027,1.870837565502668,Oman,Efficiency
1986,6.213374988800018,Russian Federation,Efficiency
1987,6.090616275813252,Russian Federation,Efficiency
1988,5.958706774497188,Russian Federation,Efficiency
1989,5.817166491216619,Russian Federation,Efficiency
1990,5.703552310036766,Russian Federation,Efficiency
1991,5.580793597237167,Russian Federation,Efficiency
1992,5.448884095786978,Russian Federation,Efficiency
1993,5.307343813005874,Russian Federation,Efficiency
1994,5.193729631554399,Russian Federation,Efficiency
1995,5.070970917968506,Russian Federation,Efficiency
1996,4.939061415660586,Russian Federation,Efficiency
1997,4.797521132075664,Russian Federation,Efficiency
1998,4.683906950352261,Russian Federation,Efficiency
1999,4.5611482363669555,Russian Federation,Efficiency
2000,4.429238733691706,Russian Federation,Efficiency
2001,4.287698449276793,Russian Federation,Efficiency
2002,4.174084266440694,Russian Federation,Efficiency
2003,4.051325551551903,Russian Federation,Efficiency
2004,3.919416048338221,Russian Federation,Efficiency
2005,3.7778757635167115,Russian Federation,Efficiency
2006,3.6642624553464556,Russian Federation,Efficiency
2007,3.541504636365791,Russian Federation,Efficiency
2008,3.4095961139603044,Russian Federation,Efficiency
2009,3.268056813209957,Russian Federation,Efficiency
2010,3.154443792435433,Russian Federation,Efficiency
2011,3.031688203343565,Russian Federation,Efficiency
2012,2.899781825614312,Russian Federation,Efficiency
2013,2.7582447830181596,Russian Federation,Efficiency
2014,2.644633847143651,Russian Federation,Efficiency
2015,2.521878390491899,Russian Federation,Efficiency
2016,2.3899721450398377,Russian Federation,Efficiency
2017,2.248435126905288,Russian Federation,Efficiency
2018,2.134824201710324,Russian Federation,Efficiency
2019,2.012068744895636,Russian Federation,Efficiency
2020,1.8801624994435624,Russian Federation,Efficiency
2021,1.738625481309076,Russian Federation,Efficiency
2022,1.6250145561141407,Russian Federation,Efficiency
2023,1.5022590992993807,Russian Federation,Efficiency
2023,1.2613834726644955,Russian Federation,Efficiency
2024,1.2293032596345412,Russian Federation,Efficiency
2025,1.0791314411842317,Russian Federation,Efficiency
2026,0.9198721736476028,Russian Federation,Efficiency
2027,0.7515738270686025,Russian Federation,Efficiency
